id,created_at,first_name,birthday
36,2024-08-06 18:56:58.122112+00,michelle,1990-06-13
37,2024-08-06 18:57:10.613457+00,matt,1990-01-31
42,2024-08-07 00:33:12.341858+00,megan,1990-11-14
44,2024-08-07 17:12:53.421667+00,a,1990-03-03
45,2024-08-07 17:14:09.263734+00,b,1990-04-03
46,2024-08-07 17:14:47.62081+00,c,1990-08-03
47,2024-08-07 17:15:07.613909+00,d,1990-10-03
48,2024-08-07 17:15:11.651759+00,d,1990-10-03
49,2024-08-07 17:15:14.567719+00,d,1990-10-03
50,2024-08-07 17:15:54.145515+00,d,1990-10-03
51,2024-08-07 17:16:04.699453+00,d,1990-10-03
52,2024-08-07 17:16:08.699005+00,d,1990-03-03
53,2024-08-07 17:17:04.631567+00,d,1990-07-03
54,2024-08-07 17:17:27.960944+00,d,1990-06-03
55,2024-08-07 17:17:30.841652+00,d,1990-06-03
56,2024-08-07 17:17:41.656548+00,r,1990-03-04
57,2024-08-07 17:18:52.535172+00,a,1990-03-03
58,2024-08-07 17:18:58.884358+00,a,1990-03-03
59,2024-08-07 17:19:03.766158+00,a,1990-12-03
60,2024-08-07 17:19:21.466461+00,a,1990-01-03
61,2024-08-07 17:19:24.459525+00,a,1990-11-03
62,2024-08-07 17:19:27.713734+00,a,1990-10-03
63,2024-08-07 17:29:29.045376+00,a,1990-05-03
64,2024-08-07 17:41:40.280593+00,r,1990-06-13
66,2024-08-07 17:42:32.775068+00,s,1990-03-03
67,2024-08-07 17:42:35.697117+00,s,1990-06-03
68,2024-08-07 17:42:40.941256+00,s,1990-06-03
69,2024-08-07 17:42:48.894855+00,s,1990-06-30
70,2024-08-07 17:42:59.639612+00,a,1990-07-07
71,2024-08-07 17:43:13.209834+00,a,1990-07-07
72,2024-08-07 17:43:23.842303+00,a,1990-12-12
73,2024-08-07 17:43:37.360557+00,a,1990-12-12
74,2024-08-07 17:43:43.409989+00,a,1990-01-12
75,2024-08-07 22:22:13.621317+00,arthur,1990-01-17
76,2024-08-07 22:22:40.28993+00,kristi,1990-02-10
77,2024-08-07 22:22:44.447996+00,ray,1990-09-29
79,2024-08-07 22:23:01.705144+00,james,1990-12-01
80,2024-08-07 22:23:08.747921+00,beth,1990-11-04
81,2024-08-07 22:23:17.105008+00,ali,1990-09-26
82,2024-08-07 22:23:26.399514+00,amel,1990-06-01
83,2024-08-07 22:23:31.745085+00,david,1990-01-17
84,2024-08-07 22:23:59.496716+00,adrianne,1990-08-07
85,2024-08-07 22:24:08.567924+00,iris,1990-09-18
86,2024-08-07 22:24:14.61254+00,tim,1990-09-21
87,2024-08-07 22:24:18.697482+00,kathie,1990-09-20
88,2024-08-07 22:24:35.254971+00,diana,1990-01-19
89,2024-08-07 22:24:48.337971+00,emmy,1990-02-28
90,2024-08-07 22:24:59.436609+00,lindsey,1990-04-19
91,2024-08-07 22:25:03.800448+00,kira,1990-04-21
43,2024-08-07 17:12:00.069216+00,russell,1990-11-15
92,2024-08-07 22:26:25.516797+00,joke,1990-04-01
93,2024-08-07 22:27:32.815491+00,d,1990-03-03